Workbook

Sheet Schedule
A1: CardioSaarthi - Project Schedule
A2: Sixteen weeks | Semester VII, 2026-27 | AI-ECG Tutor System
A4: Project start (Monday of week 1) | C4: 46223 | E4: Yellow cells are inputs. Edit Start/End week and the bars move.
A5: Today | C5: =TODAY() -> 46250
A6: Current week | C6: =IFERROR(MAX(1,MIN(16,INT((C5-C4)/7)+1)),1) -> 4
A8: Phase | B8: Task | C8: Start wk | D8: End wk | E8: Weeks | F8: Status | G8: Start date | H8: End date | I8: 1 | J8: 2 | K8: 3 | L8: 4 | M8: 5 | N8: 6 | O8: 7 | P8: 8 | Q8: 9 | R8: 10 | S8: 11 | T8: 12 | U8: 13 | V8: 14 | W8: 15 | X8: 16
A9: Phase 1 | B9: Dataset acquisition & quality screening | C9: 1 | D9: 1 | E9: =D9-C9+1 -> 1 | F9: Done | G9: =$C$4+(C9-1)*7 -> 46223 | H9: =$C$4+D9*7-1 -> 46229
A10: Phase 1 | B10: Measurement engine (detection, delineation, intervals) | C10: 1 | D10: 3 | E10: =D10-C10+1 -> 3 | F10: Done | G10: =$C$4+(C10-1)*7 -> 46223 | H10: =$C$4+D10*7-1 -> 46243
A11: Phase 1 | B11: Standards-compliant ECG rendering | C11: 2 | D11: 3 | E11: =D11-C11+1 -> 2 | F11: Done | G11: =$C$4+(C11-1)*7 -> 46230 | H11: =$C$4+D11*7-1 -> 46243
A12: Phase 1 | B12: Technical validation vs LUDB & QTDB | C12: 3 | D12: 3 | E12: =D12-C12+1 -> 1 | F12: Done | G12: =$C$4+(C12-1)*7 -> 46237 | H12: =$C$4+D12*7-1 -> 46243
A13: Phase 1 | B13: Clinical scenario generation (offline LLM batch) | C13: 4 | D13: 5 | E13: =D13-C13+1 -> 2 | F13: Not started | G13: =$C$4+(C13-1)*7 -> 46244 | H13: =$C$4+D13*7-1 -> 46257
A14: Phase 1 | B14: Faculty review interface | C14: 4 | D14: 5 | E14: =D14-C14+1 -> 2 | F14: Not started | G14: =$C$4+(C14-1)*7 -> 46244 | H14: =$C$4+D14*7-1 -> 46257
A15: Phase 1 | B15: Faculty review cycles -> approved case bank | C15: 5 | D15: 8 | E15: =D15-C15+1 -> 4 | F15: Not started | G15: =$C$4+(C15-1)*7 -> 46251 | H15: =$C$4+D15*7-1 -> 46278
A16: Phase 2 | B16: Session state machine & step-lock orchestration | C16: 7 | D16: 7 | E16: =D16-C16+1 -> 1 | F16: Not started | G16: =$C$4+(C16-1)*7 -> 46265 | H16: =$C$4+D16*7-1 -> 46271
A17: Phase 2 | B17: Deterministic grading + error taxonomy | C17: 7 | D17: 8 | E17: =D17-C17+1 -> 2 | F17: Not started | G17: =$C$4+(C17-1)*7 -> 46265 | H17: =$C$4+D17*7-1 -> 46278
A18: Phase 2 | B18: Knowledge base ingestion & embeddings (pgvector) | C18: 8 | D18: 8 | E18: =D18-C18+1 -> 1 | F18: Not started | G18: =$C$4+(C18-1)*7 -> 46272 | H18: =$C$4+D18*7-1 -> 46278
A19: Phase 2 | B19: Student interface - nine-step case player | C19: 8 | D19: 10 | E19: =D19-C19+1 -> 3 | F19: Not started | G19: =$C$4+(C19-1)*7 -> 46272 | H19: =$C$4+D19*7-1 -> 46292
A20: Phase 2 | B20: Competency model & spaced repetition | C20: 9 | D20: 10 | E20: =D20-C20+1 -> 2 | F20: Not started | G20: =$C$4+(C20-1)*7 -> 46279 | H20: =$C$4+D20*7-1 -> 46292
... A30: Phase 4 | B30: Analysis, documentation & final report | C30: 15 | D30: 16 | E30: =D30-C30+1 -> 2 | F30: Not started | G30: =$C$4+(C30-1)*7 -> 46321 | H30: =$C$4+D30*7-1 -> 46334
A33: PHASE SUMMARY
A34: Phase | B34: Start wk | C34: End wk | D34: Tasks | E34: Done | F34: Complete
A35: Phase 1 | B35: =SUMPRODUCT(MIN(($A$9:$A$30="Phase 1")*$C$9:$C$30+($A$9:$A$30<>"Phase 1")*9999)) -> 1 | C35: =SUMPRODUCT(MAX(($A$9:$A$30="Phase 1")*$D$9:$D$30)) -> 8 | D35: =COUNTIFS($A$9:$A$30,"Phase 1") -> 7 | E35: =COUNTIFS($A$9:$A$30,"Phase 1",$F$9:$F$30,"Done") -> 4 | F35: =IFERROR(E35/D35,0) -> 0.57142857
A36: Phase 2 | B36: =SUMPRODUCT(MIN(($A$9:$A$30="Phase 2")*$C$9:$C$30+($A$9:$A$30<>"Phase 2")*9999)) -> 7 | C36: =SUMPRODUCT(MAX(($A$9:$A$30="Phase 2")*$D$9:$D$30)) -> 10 | D36: =COUNTIFS($A$9:$A$30,"Phase 2") -> 5 | E36: =COUNTIFS($A$9:$A$30,"Phase 2",$F$9:$F$30,"Done") -> 0 | F36: =IFERROR(E36/D36,0) -> 0
A37: Phase 3 | B37: =SUMPRODUCT(MIN(($A$9:$A$30="Phase 3")*$C$9:$C$30+($A$9:$A$30<>"Phase 3")*9999)) -> 9 | C37: =SUMPRODUCT(MAX(($A$9:$A$30="Phase 3")*$D$9:$D$30)) -> 13 | D37: =COUNTIFS($A$9:$A$30,"Phase 3") -> 5 | E37: =COUNTIFS($A$9:$A$30,"Phase 3",$F$9:$F$30,"Done") -> 0 | F37: =IFERROR(E37/D37,0) -> 0
A38: Phase 4 | B38: =SUMPRODUCT(MIN(($A$9:$A$30="Phase 4")*$C$9:$C$30+($A$9:$A$30<>"Phase 4")*9999)) -> 11 | C38: =SUMPRODUCT(MAX(($A$9:$A$30="Phase 4")*$D$9:$D$30)) -> 16 | D38: =COUNTIFS($A$9:$A$30,"Phase 4") -> 5 | E38: =COUNTIFS($A$9:$A$30,"Phase 4",$F$9:$F$30,"Done") -> 0 | F38: =IFERROR(E38/D38,0) -> 0
A40: Critical path: faculty review throughput in weeks 5-8, not engineering.

Sheet Milestones
A1: Milestones
A3: Week | B3: Milestone | C3: Status | D3: Date
A4: 3 | B4: Engine validated against LUDB & QTDB | C4: Done | D4: =Schedule!$C$4+A4*7-1 -> 46243
A5: 4 | B5: First faculty review session | C5: Planned | D5: =Schedule!$C$4+A5*7-1 -> 46250
A6: 8 | B6: 60 approved cases in the bank | C6: Planned | D6: =Schedule!$C$4+A6*7-1 -> 46278
A7: 10 | B7: Student runtime live end to end | C7: Planned | D7: =Schedule!$C$4+A7*7-1 -> 46292
A8: 13 | B8: Layers 3 and 4 complete | C8: Planned | D8: =Schedule!$C$4+A8*7-1 -> 46313
A9: 16 | B9: Final submission | C9: Planned | D9: =Schedule!$C$4+A9*7-1 -> 46334

Sheet Read me
A1: CardioSaarthi - Project Schedule
A3: How to edit
A4: Yellow cells are the only ones to type in:
A5: Schedule!C4 project start date (Monday of week 1)
A6: Start wk / End wk week numbers for each task
A7: Status Done / In progress / Not started (dropdown)
A9: Everything else is a formula. The Gantt bars are conditional formatting
A10: driven by Start wk and End wk, so editing a week number moves the bar
A11: immediately - there is no chart to redraw and no colour to repaint.
A12: Marking a task Done turns its bar from pale to solid.
A14: Colour
A15: Solid bar delivered and validated
... A27: requested when needed.
